순위,제목,저자,출판사,출간일,별점
"

1.  
",맛있어서 지속 가능한 디디미니 다이어트 레시피,미니 박지우 (지은이) , 빅피시 , 2022년 5월,5.0
"

2.  
",세상 쉽고 맛있는 튼이 이유식,정주희 (지은이) , 서사원 , 2020년 8월,4.5
"

3.  
",정리 잘하는 사람은 이렇게 합니다,"고메다 마리나 (지은이), 박연정 (옮긴이) ", 한빛라이프 , 2022년 1월,5.0
"

4.  
",품격 있는 아내들의 남편 다루는 법,김민수 (지은이) , 북스고 , 2022년 10월,5.0
"

5.  
",디디미니의 초간단 인생맛 고단백 저탄수화물 다이어트 레시피,미니 박지우 (지은이) , 빅피시 , 2021년 7월,5.0
"

6.  
",시미켄의 베스트 섹스,"시미즈 켄 (지은이), 김봄 (옮긴이) ", ㅁㅅㄴ , 2018년 2월,5.0
"

7.  
",다이어트 불변의 법칙,"하비 다이아몬드 (지은이), 강신원 (옮긴이) ", 사이몬북스 , 2021년 9월,4.5
"

8.  
","밥 챙겨 먹어요, 행복하세요",마포농수산쎈타 (지은이) , 세미콜론 , 2023년 1월,5.0
"

9.  
",시니맘의 오늘도 완밥 유아식,시니맘(박지혜) (지은이) , 혜지원 , 2022년 10월,5.0
"

10.  
",김대리의 쉽게 뜨는 요즘 니트,김대리(바늘이야기) (지은이) , 웅진리빙하우스 , 2022년 1월,4.5
"

11.  
",잘 자고 잘 먹는 아기의 시간표,정재호 (지은이) , 한빛라이프 , 2014년 9월,5.0
"

12.  
","섹스, 그리고 카마수트라","바츠야야나 (지은이), 척 윌스 (엮은이), 엄성수 (옮긴이) ", 시그마북스 , 2015년 1월,2.5
"

13.  
",그 남자의 섹스 : 내 여자를 위한 사랑의 기술,"이안 커너 (지은이), 전광철 (옮긴이) ", S플레이북 , 2014년 5월,4.0
"

14.  
",만화로 배우는 와인의 역사,"브누아 시마 (지은이), 다니엘 카사나브 (그림), 이정은 (옮긴이) ", 한빛비즈 , 2019년 12월,4.5
"

15.  
",청소가 어려운 엄마들을 위한 기적의 5분 청소 루틴,이재희 (지은이) , 선비북스 , 2021년 4월,0.0
"

16.  
",아이주도 이유식 유아식 매뉴얼 (개정판),"BLW 연구소, 안소정 (지은이) ", 아퍼블리싱 , 2021년 10월,5.0
"

17.  
",맛있게 살 빠지는 고단백 저탄수화물 다이어트 레시피,미니 박지우 (지은이) , 비에이블 , 2020년 7월,5.0
"

18.  
",유아식 레시피북,BLW 연구소 (지은이) , 경향BP , 2022년 1월,5.0
"

19.  
",사계절 손뜨개 양말,이상미 (지은이) , 미호 , 2021년 5월,5.0
"

20.  
",365일 반찬 걱정 없는 책,송혜영 (지은이) , 길벗 , 2022년 12월,5.0
"

21.  
",핏블리의 다이어트 식단 전략집,"핏블리(문석기), 조은비(핑크힙 응비) (지은이) ", 비타북스 , 2022년 7월,4.5
"

22.  
",내 얼굴 비대칭?,김담희 (지은이) , 휴머니스트 , 2022년 4월,5.0
"

23.  
",정리 못하는 사람을 위한 정리책,"와타나베 아야 (지은이), 김수정 (옮긴이) ", 즐거운상상 , 2021년 5월,5.0
"

24.  
",나의 프랑스식 샐러드,이선혜 (지은이) , 브.레드(b.read) , 2020년 8월,5.0
"

25.  
",똑똑하게 사랑하고 행복하게 섹스하라,배정원 (지은이) , 21세기북스 , 2014년 3월,4.0
"

26.  
",피부 해결사 위니의 말랑 피부 만들기,이나경 (지은이) , 위즈덤하우스 , 2018년 7월,5.0
"

27.  
",아하부장의 맛,아하부장 (지은이) , 프롬비 , 2021년 11월,5.0
"

28.  
",기초부터 이해하는 제빵 기술,"요시노 세이이치 (지은이), 황미숙 (옮긴이), 임태언, 김지민 (감수) ", 터닝포인트 , 2020년 6월,4.5
"

29.  
",코바늘 수세미 원데이 클래스,이서진 (지은이) , 길벗 , 2022년 1월,5.0
"

30.  
",자연식물식 다이어트 30일 챌린지,오공삼(오영세) (지은이) , 21세기북스 , 2020년 1월,4.5
"

31.  
",새로운 코바늘뜨기의 기본,"부티크사 편집부 (지은이), 남가영 (옮긴이) ", 시그마북스 , 2023년 1월,5.0
"

32.  
",무궁무진한 김밥의 맛,레시피팩토리 라이브러리 (엮은이) , 레시피팩토리 , 2017년 11월,4.5
"

33.  
","채식은 어렵지만, 채소 습관",홍성란 (지은이) , 휴머니스트 , 2019년 7월,4.5
"

34.  
",요리하는 다이어터의 맛있게 살 빼는 다이어트 레시피	,이은경 (지은이) , 메가스터디BOOKS	 , 2023년 1월,5.0
"

35.  
",내 남자가 원하는 오 마이 섹스,윤수은 (지은이) , 21세기북스 , 2013년 4월,0.0
"

36.  
","샐러드가 필요한 모든 순간, 나만의 드레싱이 빛나는 순간",지은경 (지은이) , 레시피팩토리 , 2022년 11월,4.5
"

37.  
",남자가 섹스에서 꼭 알아야 할 30가지,"에이미, 류스케 (지은이) ", 볼륨 , 2013년 8월,0.0
"

38.  
",올리의 커피 교실,"졸라(Zola) (지은이), 김미선 (옮긴이) ", 넥서스BOOKS , 2022년 12월,4.5
"

39.  
",매일 피부가 새로워지는 화장품 다이어트,오필(김주희) (지은이) , 라온북 , 2022년 11월,5.0
"

40.  
",캐러멜 Caramel (Stylish Cooking 28) : 수제 캐러멜 기본 이론과 23가지 응용 레시피,김용래 (지은이) , 싸이프레스 , 2020년 4월,4.5
"

41.  
",간,"권수경 (옮긴이), 김헌수, 쿠리하라 타케시 (감수) ", 성안당 , 2023년 1월,5.0
"

42.  
",채소 마스터 클래스,"백지혜 (지은이), 정멜멜 (사진) ", 세미콜론 , 2022년 3월,4.5
"

43.  
",고단백 저탄수화물 다이어트 레시피,미니 박지우 (지은이) , 위즈덤하우스 , 2018년 6월,4.5
"

44.  
",더 쉽고 더 맛있게 고단백 저탄수화물 다이어트 레시피,미니 박지우 (지은이) , 위즈덤하우스 , 2019년 7월,4.5
"

45.  
",나는 질병없이 살기로 했다 : 독소를 청소하면 왜 병과 비만은 사라지는가,"하비 다이아몬드 (지은이), 강신원 (옮긴이) ", 사이몬북스 , 2020년 2월,5.0
"

46.  
",그 여자의 섹스 : 내 남자를 위한 사랑의 기술,"이안 커너 (지은이), 전광철 (옮긴이) ", S플레이북 , 2014년 10월,4.0
"

47.  
",하비 다이아몬드 박사의 자연치유 불변의 법칙,"하비 다이아몬드 (지은이), 이문희, 강신원 (옮긴이) ", 사이몬북스 , 2020년 6월,5.0
"

48.  
",커피 이야기 - 살림지식총서 089,김성윤 (지은이) , 살림 , 2011년 11월,4.0
"

49.  
",섹스 잘하는 남자 만들기,"미츠이 쿄코 (지은이), 스미 신사쿠 (그림), 이솔 (옮긴이) ", S플레이북 , 2014년 1월,4.0
"

50.  
",진짜 기본 요리책,수퍼레시피 (지은이) , 레시피팩토리 , 2020년 12월,4.5
"

51.  
",인테리어 디자인과 스타일링의 기본,"프리다 람스테드 (지은이), 이유진 (옮긴이) ", 책사람집 , 2021년 8월,5.0
"

52.  
",맛있는 게 좋아서 양조절 다이어트,한아름 (지은이) , 길벗 , 2022년 6월,4.5
"

53.  
",초보 드링커를 위한 위스키 안내서,김성욱 (지은이) , 성안당 , 2022년 4월,5.0
"

54.  
",멀티 오르가슴 바이블,"조명준 (지은이), 레드홀릭스 (기획) ", 라이스메이커 , 2019년 8월,5.0
"

55.  
",진주의 해피 키토 키친,진주 (지은이) , 북드림 , 2020년 2월,4.0
"

56.  
",커피 연구소 : 완벽한 한 잔을 위한 커피 공부,김수민 (옮긴이) , 웅진리빙하우스 , 2019년 1월,4.5
"

57.  
",옷을 사려면 우선 버려라,"지비키 이쿠코 (지은이), 권효정 (옮긴이) ", 유나 , 2016년 12월,4.0
"

58.  
",처음 시작하는 미니멀 라이프,선혜림 저 (지은이) , 앵글북스 , 2016년 12월,4.0
"

59.  
",엄마 박완서의 부엌 : 정확하고 완전한 사랑의 기억,호원숙 (지은이) , 세미콜론 , 2021년 2월,4.5
"

60.  
",와인 상식사전,이기태 (지은이) , 길벗 , 2017년 6월,4.5
"

61.  
",지금은 섹스를 배울 시간,조명준 (지은이) , 성안당 , 2013년 7월,4.5
"

62.  
",한 달 반 만에 9kg 감량 운동 없는 맛불리 다이어트,맛불리 (지은이) , 동양북스(동양문고) , 2021년 11월,4.0
"

63.  
",올드패션 베이킹북,이수정 (지은이) , 책밥 , 2022년 11월,5.0
"

64.  
",요리 초보자도 맛있게 만드는 일본 가정식 260,"맛있는 일본 요리 연구 모임 (엮은이), 김하경 (옮긴이) ", 시그마북스 , 2016년 11월,4.0
"

65.  
",1일 1쓰레기 1제로,"캐서린 켈로그 (지은이), 박여진 (옮긴이) ", 현대지성 , 2022년 10월,5.0
"

66.  
",도해 사케,"키미지마 사토시 (지은이), 기미정 (옮긴이), 노자키 히로미츠 (감수) ", AK(에이케이)커뮤니케이션즈 , 2015년 6월,0.0
"

67.  
",조식 : 아침을 먹다가 생각한 것들,이다혜 (지은이) , 세미콜론 , 2020년 4월,4.0
"

68.  
",웨딩플래너는 절대 알려주지 않는 결혼 준비 체크리스트,경기새댁 (지은이) , 유페이퍼 , 2019년 4월,0.0
"

69.  
",오! 이렇게 다양한 오트밀 요리,챱챱테이블 박현주 (지은이) , 레시피팩토리 , 2020년 11월,5.0
"

70.  
",혼자서도 얼굴이 예뻐지는 페이스 스트레칭,정파카(정섬결) (지은이) , 북스고 , 2021년 1월,5.0
"

71.  
",10분 완성 수프 도시락,"아리가 카오루 (지은이), 이은정 (옮긴이) ", 푸른향기 , 2021년 9월,5.0
"

72.  
",커피인문학,"박영순 (지은이), 유사랑 (그림) ", 인물과사상사 , 2018년 1월,4.0
"

73.  
",진짜 기본 베이킹책,수퍼레시피 (지은이) , 레시피팩토리 , 2020년 12월,4.5
"

74.  
",소유진의 엄마도 아이도 즐거운 이유식 (전면개정판),"소유진 (지은이), 범은경, 김하영 (감수) ", 길벗 , 2018년 12월,4.5
"

75.  
",딱 1년만 옷 안 사고 살아보기,임다혜 (지은이) , 잇콘 , 2020년 9월,4.0
"

76.  
",전셋집이 특별해지는 28가지 인테리어 아이디어,조선이북 편집팀 (지은이) , 조선매거진(조선미디어) , 2013년 6월,0.0
"

77.  
",1일 1개 버리기,"미쉘 (지은이), 김수정 (옮긴이) ", 즐거운상상 , 2018년 11월,4.5
"

78.  
",최강의 레시피,"데이브 아스프리 (지은이), 양준상 (옮긴이), 이단비 (감수) ", 앵글북스 , 2018년 10월,4.0
"

79.  
",아기가 잘 먹는 이유식은 따로 있다 (초기이유식),마더스고양이 김정미 (지은이) , 레시피팩토리 , 2021년 3월,0.0
"

80.  
",반죽부터 다시 시작하는 파운드케이크,하영아 (지은이) , 길벗 , 2021년 10월,5.0
"

81.  
",소금 지방 산 열,"사민 노스랏 (지은이), 웬디 맥노튼 (그림), 제효영 (옮긴이), 황의정 (캘리그래피) ", 세미콜론 , 2020년 8월,4.5
"

82.  
",진짜 기본 세계 요리책,김현숙 (지은이) , 레시피팩토리 , 2020년 12월,5.0
"

83.  
",커픽처스 커피 레시피 101,김현석 (지은이) , 비타북스 , 2022년 11월,5.0
"

84.  
","그녀들이 전수하는 밤일비법 : 오럴섹스, 삽입섹스",김지나 (지은이) , 케미북스 , 2014년 10월,0.0
"

85.  
",1일 1분 정리법,"고마츠 야스시 (지은이), 박승희 (옮긴이) ", 즐거운상상 , 2019년 3월,4.5
"

86.  
",궁극의 미니멀라이프,"아즈마 가나코 (지은이), 박승희 (옮긴이) ", 즐거운상상 , 2016년 10월,3.5
"

87.  
",아내의 맛,김진국 (지은이) , 라이스메이커 , 2018년 10월,4.0
"

88.  
",맛있는 커피 레시피,한국커피산업진흥연구원 (지은이) , 아이비라인 , 2017년 12월,5.0
"

89.  
",실내에서 이끼키우기,"이선희, 박웅택, 정혜원, 이은정 (지은이) ", 플로라 , 2020년 10월,5.0
"

90.  
",카페 실무 매뉴얼,신기욱 (지은이) , 클 , 2021년 6월,0.0
"

91.  
",사유 식탁,"알랭 드 보통, 인생학교 (지은이), 이용재 (옮긴이) ", 오렌지디 , 2022년 12월,5.0
"

92.  
",소박한 덮밥,수퍼레시피 (지은이) , 레시피팩토리 , 2022년 8월,5.0
"

93.  
",더 가벼운 샌드위치,레시피팩토리 라이브러리 (엮은이) , 레시피팩토리 , 2018년 4월,5.0
"

94.  
",마미오븐의 초간단 집빵 레시피,마미오븐 금현숙 (지은이) , 허들링북스 , 2021년 3월,5.0
"

95.  
",불같은 여자 얼음같은 남자 : 연애 사랑 그리고 행복한 부부생활을 위한 최고의 지침서,"존 그레이 (지은이), 송인선 (옮긴이) ", 서영 , 2014년 9월,4.5
"

96.  
",매일매일 달걀요리,"달걀과학연구회 (지은이), 곤도 가즈오, 미네키 마치코 (감수) ", 시그마북스 , 2022년 2월,5.0
"

97.  
",로버트 랭의 완벽한 종이접기,"로버트 J. 랭 (지은이), 김지원 (옮긴이), 장용익 (감수) "," 비전비엔피(비전코리아,애플북스) ", 2019년 5월,4.5
"

98.  
",파리지엔은 남자를 위해 미니스커트를 입지 않는다,"캐롤린 드 메그레, 안 베레, 소피 마스, 오드레 디완 (지은이), 허봉금 (옮긴이) ", 민음인 , 2016년 4월,4.0
"

99.  
","굿바이, 섹스리스 : 부부에서 다시 연인으로","에바 마리아 추어호르스트 (지은이), 송명희 (옮긴이) ", 율리시즈 , 2015년 4월,4.0
"

100.  
",남자의 바람을 응징하라!,안동헌 (지은이) , M&W , 2013년 3월,4.0
