제목,저자,가격
세이노의 가르침,세이노,"6,480"
The Scent of PAGE : 룸스프레이 60ml,교보문고,"19,000"
만일 내가 인생을 다시 산다면(20만 부 기념 양장본 에디션),김혜남,"15,480"
정세현의 통찰,정세현,"17,100"
원씽(The One Thing)(리커버 특별판),게리 켈러,"12,600"
김미경의 마흔 수업,김미경,"16,200"
역행자,자청,"15,750"
불편한 편의점(40만부 기념 벚꽃 에디션),김호연,"12,600"
공생의 기술,일지 이승헌,"13,500"
슈퍼리치보다 해피리치를 꿈꿔라,한지우,"15,120"
우리는 모두 죽는다는 것을 기억하라,웨인 다이어,"15,300"
이준석의 거부할 수 없는 미래,이준석,"19,800"
미스터 프레지던트,탁현민,"19,800"
자소서 바이블 2.0,면접왕 이형,"17,820"
해커스 토익 기출보카 TOEIC VOCA(토익보카) 단어장,David Cho,
기분이 태도가 되지 말자,김수현,"14,400"
K 배터리 레볼루션,박순혁,"17,100"
아버지의 해방일지,정지아,"13,500"
ETS 토익 정기시험 기출문제집 1000 Vol 3 READING(리딩),ETS,"16,020"
불편한 편의점 2(단풍 에디션),김호연,"12,600"
하버드 첫 강의 시간관리 수업(특별판 리커버 에디션),쉬셴장,"16,020"
생에 감사해,김혜자,"15,300"
ETS 토익 정기시험 기출문제집 1000 Vol 3 LISTENING(리스닝),ETS,"16,020"
2023 해커스 토익 RC 리딩(Reading) 토익 기본서,David Cho,"16,920"
The Scent of PAGE : 미니 룸스프레이 15ml (개선판),교보문고,"7,500"
원피스 104: 와노쿠니 쇼군 코즈키 모모노스케,Eiichiro Oda,"4,950"
미루는 습관 극복하기,리스창,"16,200"
당신은 결국 무엇이든 해내는 사람,김상현,"13,500"
2023 해커스 토익 LC 리스닝(Listening) 토익 기본서,David Cho,
슬램덩크 19: 북산 vs. 산왕공고(4)(신장재편판),Takehiko Inoue,"6,300"
슬램덩크 20: 북산 vs. 산왕공고(5)(완결)(신장재편판),Takehiko Inoue,"6,300"
슬램덩크 18: 북산 vs. 산왕공고(3)(신장재편판),Takehiko Inoue,"5,850"
슬램덩크 17: 북산 vs. 산왕공고(2)(신장재편판),Takehiko Inoue,"6,300"
슬램덩크 16: 북산 vs. 산왕공고(1)(신장재편판),Takehiko Inoue,"6,300"
슬램덩크 15: 북산 전국대회 데뷔!(신장재편판),Takehiko Inoue,"6,750"
슬램덩크 12: 북산 vs. 능남(2)(신장재편판),Takehiko Inoue,"6,300"
슬램덩크 14: 슛 합숙(신장재편판),Takehiko Inoue,"6,300"
슬램덩크 11: 북산 vs. 능남(1)(신장재편판),Takehiko Inoue,"6,300"
슬램덩크 13: 북산 vs. 능남(3)(신장재편판),Takehiko Inoue,"5,850"
슬램덩크 1: 강백호(신장재편판),Takehiko Inoue,"6,300"
조국의 법고전 산책,조국,"19,800"
슬램덩크 3: 첫 시합 능남전(1)(신장재편판),Takehiko Inoue,"6,300"
돈의 속성(200쇄 리커버에디션),김승호,"16,020"
슬램덩크 8: 북산 vs. 해남대 부속(1)(신장재편판),Takehiko Inoue,"6,750"
슬램덩크 7: 북산 vs. 상양(신장재편판),Takehiko Inoue,"6,750"
슬램덩크 5: 송태섭과 정대만(신장재편판),Takehiko Inoue,"6,300"
슬램덩크 6: 북산 문제아 군단(신장재편판),Takehiko Inoue,"6,300"
슬램덩크 10: 해남대 부속 vs. 능남(신장재편판),Takehiko Inoue,"6,300"
슬램덩크 2: 풋내기 슛(신장재편판),Takehiko Inoue,"5,850"
슬램덩크 4: 첫 시합 능남전(2)(신장재편판),Takehiko Inoue,"6,300"
슬램덩크 리소스(THE FIRST SLAM DUNK re:SOURCE),이노우에 타케히코,"16,200"
2023 해커스 토익 실전 1000제 1 RC Reading(리딩) 문제집,해커스 어학연구소,"16,200"
당신도 느리게 나이 들 수 있습니다,정희원,"16,200"
EBS 왕초보영어(상)(2023),EBS교육방송 편집부,"16,200"
참을 수 없는 존재의 가벼움,밀란 쿤데라,"16,200"
슬램덩크 9: 북산 vs. 해남대 부속(2)(신장재편판),Takehiko Inoue,"16,200"
2023 해커스 토익 실전 1000제 1 LC Listening(리스닝) 문제집,해커스 어학연구소,"16,200"
월가아재의 제2라운드 투자 수업,최한철,"16,200"
부자 아빠 가난한 아빠 1(20주년 특별 기념판),로버트 기요사키,"16,200"
인스타 브레인,안데르스 한센,"16,200"
데일 카네기 인간관계론,데일 카네기,"16,200"
트렌드 코리아 2023,김난도,"16,200"
부는 어디서 오는가,월리스 와틀스,"16,200"
특별한 마음을 위한 심리학,야오야오,"16,200"
1퍼센트 부자의 법칙,사이토 히토리,"16,200"
내가 틀릴 수도 있습니다(화이트 에디션),비욘 나티코 린데블라드,"16,200"
물고기는 존재하지 않는다,룰루 밀러,"16,200"
슬램덩크 챔프,Takehiko Inoue,"16,200"
오둥이입니다만!,송 스튜디오,"16,200"
"오늘 밤, 세계에서 이 사랑이 사라진다 해도",이치조 미사키,"16,200"
무조건 합격하는 암기의 기술,이윤규,"16,200"
토익 단기공략 750+(LC+RC),ETS,"16,200"
권력과 안보,부승찬,"16,200"
십이국기 9: 백은의 언덕 검은 달 1,오노 후유미,"16,200"
십이국기 9: 백은의 언덕 검은 달 2,오노 후유미,"16,200"
희망의 끈,히가시노 게이고,"16,200"
그릿(50만부 판매 기념 리커버 골드에디션)(양장본 Hardcover),앤절라 더크워스,"16,200"
십이국기 9: 백은의 언덕 검은 달 3,오노 후유미,"16,200"
마흔에 읽는 니체,장재형,"16,200"
십이국기 9: 백은의 언덕 검은 달 4,오노 후유미,"16,200"
The Scent of PAGE : 디퓨저 200ml,교보문고,"16,200"
돈은 좋지만 재테크는 겁나는 너에게,뿅글이,"16,200"
사랑의 이해,이혁진,"16,200"
80세의 벽,와다 히데키,"16,200"
이토록 평범한 미래,김연수,"16,200"
백년허리 2: 치료편,정선근,"16,200"
BIG WAVE(빅 웨이브) 거대한 변화,김영익,"16,200"
주식 시세의 비밀,정재호,"16,200"
진짜 쓰는 실무 엑셀,오빠두(전진권),"16,200"
돈의 규칙,신민철(처리형),"16,200"
데일리 필로소피,라이언 홀리데이,"16,200"
레버리지,롭 무어,"16,200"
고통의 비밀,몬티 라이먼,"16,200"
사피엔스(양장 특별판),유발 하라리,"16,200"
마케팅 설계자,러셀 브런슨,"16,200"
흔한남매의 흔한 호기심 8,흔한남매,"16,200"
지무비의 유튜브 엑시트,지무비(나현갑),"16,200"
"2023 큰별쌤 최태성의 별별한국사 기출 500제 한국사능력검정시험 심화(1,2,3급)",최태성,"16,200"
Hear(히어),야마네 히로시,"16,200"
서울 부동산 절대원칙,김학렬(빠숑),"16,200"
